snapshot_utc,post_id,post_name,episode_code,is_episode,is_trailer,title,permalink,num_comments
2026-01-21T18:36:39.863884+00:00,1qj30qt,t3_1qj30qt,,0,0,"'There's going to be a bandwagon': After Heated Rivalry, women are driving a gay erotic boom on screen",https://www.reddit.com/r/television/comments/1qj30qt/theres_going_to_be_a_bandwagon_after_heated/,54
2026-01-21T18:36:39.863884+00:00,1qihxy0,t3_1qihxy0,,0,0,‘North of North’ Begins Season 2 Filming as Netflix Teases Premiere Date,https://www.reddit.com/r/television/comments/1qihxy0/north_of_north_begins_season_2_filming_as_netflix/,40
2026-01-21T18:36:39.863884+00:00,1qi6elc,t3_1qi6elc,,0,0,It’s time to talk about how weird straight girls are being about Heated Rivalry,https://www.reddit.com/r/television/comments/1qi6elc/its_time_to_talk_about_how_weird_straight_girls/,60
2026-01-21T18:36:39.863884+00:00,1qfytwc,t3_1qfytwc,,0,0,Teenage Bounty Hunters (Netflix),https://www.reddit.com/r/television/comments/1qfytwc/teenage_bounty_hunters_netflix/,28
2026-01-21T18:36:39.863884+00:00,1qfroh9,t3_1qfroh9,,0,0,Popularity of ‘Heated Rivalry’ Has Surprised Even TV Executives,https://www.reddit.com/r/television/comments/1qfroh9/popularity_of_heated_rivalry_has_surprised_even/,355
2026-01-21T18:36:39.863884+00:00,1qfi4s1,t3_1qfi4s1,,0,0,"‘Heated Rivalry’s François Arnaud Says NHL Is “Good At Capitalizing” On Show, Hopes They Can “Back It Up” With Support",https://www.reddit.com/r/television/comments/1qfi4s1/heated_rivalrys_françois_arnaud_says_nhl_is_good/,64
2026-01-21T18:36:39.863884+00:00,1qbzash,t3_1qbzash,,0,0,Results for the 2025 r/television survey,https://www.reddit.com/r/television/comments/1qbzash/results_for_the_2025_rtelevision_survey/,127
2026-01-21T18:36:39.863884+00:00,1qavpvj,t3_1qavpvj,,0,0,"I aggregated 117 ""Best TV Shows of 2025"" lists because Metacritic wouldn't - Final Update",https://www.reddit.com/r/television/comments/1qavpvj/i_aggregated_117_best_tv_shows_of_2025_lists/,81
2026-01-21T18:36:39.863884+00:00,1qavbte,t3_1qavbte,,0,0,Is Heated Rivalry worth the time? What makes it good?,https://www.reddit.com/r/television/comments/1qavbte/is_heated_rivalry_worth_the_time_what_makes_it/,24
2026-01-21T18:36:39.863884+00:00,1q7f2d4,t3_1q7f2d4,,0,0,'Heated Rivalry' star Hudson Williams says closeted professional athletes have been reaching out privately,https://www.reddit.com/r/television/comments/1q7f2d4/heated_rivalry_star_hudson_williams_says_closeted/,594
2026-01-21T18:36:39.863884+00:00,1q76beo,t3_1q76beo,,0,0,Did Heated Rivalry open something emotional in you too?,https://www.reddit.com/r/television/comments/1q76beo/did_heated_rivalry_open_something_emotional_in/,15
2026-01-21T18:36:39.863884+00:00,1q6gtqh,t3_1q6gtqh,,0,0,"GLAAD Media Awards: ‘Heated Rivalry’, ‘Stranger Things’ & ‘Christy’ Among 2026 Nominees",https://www.reddit.com/r/television/comments/1q6gtqh/glaad_media_awards_heated_rivalry_stranger_things/,18
2026-01-21T18:36:39.863884+00:00,1q6df7l,t3_1q6df7l,,0,0,Heated Rivalry: Do people really like that show or is it because of the gay relationship ?,https://www.reddit.com/r/television/comments/1q6df7l/heated_rivalry_do_people_really_like_that_show_or/,38
2026-01-21T18:36:39.863884+00:00,1pz6sx7,t3_1pz6sx7,,0,0,"Why ‘Heated Rivalry’ Can’t Compete at the Emmys — and Likely Won’t Be Able to for Season 2, Either",https://www.reddit.com/r/television/comments/1pz6sx7/why_heated_rivalry_cant_compete_at_the_emmys_and/,17
2026-01-21T18:36:39.863884+00:00,1pz6a5l,t3_1pz6a5l,,0,0,Is Heated Rivalry Actually THAT Good?,https://www.reddit.com/r/television/comments/1pz6a5l/is_heated_rivalry_actually_that_good/,309
2026-01-21T18:36:39.863884+00:00,1pxqs7f,t3_1pxqs7f,,0,0,Online discourse is ruining tv (A gay man’s perspective),https://www.reddit.com/r/television/comments/1pxqs7f/online_discourse_is_ruining_tv_a_gay_mans/,24
2026-01-21T18:36:39.863884+00:00,1pwzwx3,t3_1pwzwx3,,0,0,"TVLine's Performers Of The Week: Connor Storrie And Hudson Williams (""Heated Rivalry"")",https://www.reddit.com/r/television/comments/1pwzwx3/tvlines_performers_of_the_week_connor_storrie_and/,75
2026-01-21T18:36:39.863884+00:00,1pw505j,t3_1pw505j,1x06,1,0,"Heated Rivalry - 1x06 - ""The Cottage"" - Episode Discussion",https://www.reddit.com/r/television/comments/1pw505j/heated_rivalry_1x06_the_cottage_episode_discussion/,76
2026-01-21T18:36:39.863884+00:00,1pw4t4r,t3_1pw4t4r,,0,0,"‘Heated Rivalry’ Creator Explains Why Finale Sex Scenes Are His Favorite, Teases Season 2 & Beyond “Will Always Be Centered Around” Shane & Ilya",https://www.reddit.com/r/television/comments/1pw4t4r/heated_rivalry_creator_explains_why_finale_sex/,17
2026-01-21T18:36:39.863884+00:00,1pvuny6,t3_1pvuny6,,0,0,Tv Series paying for review bots on imbd??,https://www.reddit.com/r/television/comments/1pvuny6/tv_series_paying_for_review_bots_on_imbd/,22
2026-01-21T18:36:39.863884+00:00,1puxtj9,t3_1puxtj9,,0,0,‘Heated Rivalry’ and the Art of a Truly Joyful Press Tour,https://www.reddit.com/r/television/comments/1puxtj9/heated_rivalry_and_the_art_of_a_truly_joyful/,22
2026-01-21T18:36:39.863884+00:00,1ptk30a,t3_1ptk30a,,0,0,Highest rated episodes on IMDB(with votes over 10k).,https://www.reddit.com/r/television/comments/1ptk30a/highest_rated_episodes_on_imdbwith_votes_over_10k/,16
2026-01-21T18:36:39.863884+00:00,1pti6uf,t3_1pti6uf,,0,0,Gay male audiences are allowed to question actors under the guise of “representation”.,https://www.reddit.com/r/television/comments/1pti6uf/gay_male_audiences_are_allowed_to_question_actors/,51
2026-01-21T18:36:39.863884+00:00,1ptfymh,t3_1ptfymh,,0,0,Worst TV Shows (Most Disappointing Shows) of 2025,https://www.reddit.com/r/television/comments/1ptfymh/worst_tv_shows_most_disappointing_shows_of_2025/,1869
2026-01-21T18:36:39.863884+00:00,1pta4dm,t3_1pta4dm,,0,0,Down to Puck: Why Women Are Going Wild for ‘Heated Rivalry’,https://www.reddit.com/r/television/comments/1pta4dm/down_to_puck_why_women_are_going_wild_for_heated/,20
2026-01-21T18:36:39.863884+00:00,1pryyo4,t3_1pryyo4,,0,0,Heated Rivalry Ep. 5,https://www.reddit.com/r/television/comments/1pryyo4/heated_rivalry_ep_5/,36
2026-01-21T18:36:39.863884+00:00,1prte8s,t3_1prte8s,,0,0,Is Heated Rivalry made for gay men or straight women,https://www.reddit.com/r/television/comments/1prte8s/is_heated_rivalry_made_for_gay_men_or_straight/,169
2026-01-21T18:36:39.863884+00:00,1pqlusu,t3_1pqlusu,1x05,1,0,"Heated Rivalry - 1x05 - ""I'll Believe in Anything"" - Episode Discussion",https://www.reddit.com/r/television/comments/1pqlusu/heated_rivalry_1x05_ill_believe_in_anything/,92
2026-01-21T18:36:39.863884+00:00,1pn9mop,t3_1pn9mop,,0,0,"Heated Rivalry, Do Better.",https://www.reddit.com/r/television/comments/1pn9mop/heated_rivalry_do_better/,95
2026-01-21T18:36:39.863884+00:00,1plmrds,t3_1plmrds,,0,0,‘Heated Rivalry’ Stars Respond To Jordan Firstman’s Criticism Of Show’s Sex Scenes,https://www.reddit.com/r/television/comments/1plmrds/heated_rivalry_stars_respond_to_jordan_firstmans/,25
2026-01-21T18:36:39.863884+00:00,1pl1vye,t3_1pl1vye,,0,0,‘I Love LA’s Jordan Firstman Takes Shots At ‘Heated Rivalry’ Over Sex Scenes: “It’s Just Not Gay”,https://www.reddit.com/r/television/comments/1pl1vye/i_love_las_jordan_firstman_takes_shots_at_heated/,54
2026-01-21T18:36:39.863884+00:00,1pkwtvq,t3_1pkwtvq,,0,0,‘Heated Rivalry’ Season 2 Is Game On At Crave With HBO Max On Board; More New Deals Struck,https://www.reddit.com/r/television/comments/1pkwtvq/heated_rivalry_season_2_is_game_on_at_crave_with/,103
2026-01-21T18:36:39.863884+00:00,1pksn2h,t3_1pksn2h,1x04,1,0,"Heated Rivalry - 1x04 - ""Rose"" - Episode Discussion",https://www.reddit.com/r/television/comments/1pksn2h/heated_rivalry_1x04_rose_episode_discussion/,51
2026-01-21T18:36:39.863884+00:00,1pevuo7,t3_1pevuo7,1x03,1,0,"Heated Rivalry - 1x03 - ""******"" - Episode Discussion",https://www.reddit.com/r/television/comments/1pevuo7/heated_rivalry_1x03_episode_discussion/,6
2026-01-21T18:36:39.863884+00:00,1pdatgb,t3_1pdatgb,,0,0,‘Heated Rivalry’ Creator Shuts Down Question About Actors’ Sexuality: ‘I Don’t Think There’s Any Reason to Get Into That Stuff’,https://www.reddit.com/r/television/comments/1pdatgb/heated_rivalry_creator_shuts_down_question_about/,260
2026-01-21T18:36:39.863884+00:00,1pcr42d,t3_1pcr42d,,0,0,‘Heated Rivalry’ Review: HBO Max’s Horny Hockey Drama Is a Playful Gay Romance for Grown-Ups,https://www.reddit.com/r/television/comments/1pcr42d/heated_rivalry_review_hbo_maxs_horny_hockey_drama/,125
2026-01-21T18:36:39.863884+00:00,1pbpkg7,t3_1pbpkg7,,0,0,Connor Storrie & Hudson Williams react to 'Heated Rivalry' already topping the charts on HBO Max and Crave: 'We delivered. We killed it. It's the best TV adaptation of all TV adaptations! You can quote me on that!',https://www.reddit.com/r/television/comments/1pbpkg7/connor_storrie_hudson_williams_react_to_heated/,56
2026-01-21T18:36:39.863884+00:00,1pbivqz,t3_1pbivqz,,0,0,‘Heated Rivalry’ Actors Say Sexual Chemistry Started in Auditions: ‘Felt Like He Was Going to Pin Me Down and F— Me’,https://www.reddit.com/r/television/comments/1pbivqz/heated_rivalry_actors_say_sexual_chemistry/,14
2026-01-21T18:36:39.863884+00:00,1p2x9tu,t3_1p2x9tu,,0,0,"Inside ‘Heated Rivalry,’ the Gay Hockey Romance Series Changing Queer TV",https://www.reddit.com/r/television/comments/1p2x9tu/inside_heated_rivalry_the_gay_hockey_romance/,15
2026-01-21T18:36:39.863884+00:00,1p1iqwz,t3_1p1iqwz,,0,0,"Hockey Romance Series Heated Rivalry Sells to HBO Max in US, Australia",https://www.reddit.com/r/television/comments/1p1iqwz/hockey_romance_series_heated_rivalry_sells_to_hbo/,83
2026-01-21T18:36:39.863884+00:00,1o2ah57,t3_1o2ah57,,0,1,Official Trailer | Heated Rivalry (Crave Original),https://www.reddit.com/r/television/comments/1o2ah57/official_trailer_heated_rivalry_crave_original/,40
2026-01-21T18:36:39.863884+00:00,1m4rcdi,t3_1m4rcdi,,0,0,IMDb's Top 25 English Speaking TV Episodes of 2025 (July Edition),https://www.reddit.com/r/television/comments/1m4rcdi/imdbs_top_25_english_speaking_tv_episodes_of_2025/,8
2026-01-21T18:36:39.863884+00:00,1k5h496,t3_1k5h496,,0,0,IMDb's Top 25 TV Episodes of 2025 (so far),https://www.reddit.com/r/television/comments/1k5h496/imdbs_top_25_tv_episodes_of_2025_so_far/,155
2026-01-21T18:36:39.863884+00:00,wjha23,t3_wjha23,,0,0,Were Wrestling and Soaps the only ones doing Serialized Storytelling before it became popular?,https://www.reddit.com/r/television/comments/wjha23/were_wrestling_and_soaps_the_only_ones_doing/,9
2026-01-21T18:36:39.863884+00:00,5xqx99,t3_5xqx99,,0,0,Feud - Series Premiere Discussion,https://www.reddit.com/r/television/comments/5xqx99/feud_series_premiere_discussion/,50
2026-01-21T18:42:10.502688+00:00,1qj30qt,t3_1qj30qt,,0,0,"'There's going to be a bandwagon': After Heated Rivalry, women are driving a gay erotic boom on screen",https://www.reddit.com/r/television/comments/1qj30qt/theres_going_to_be_a_bandwagon_after_heated/,55
2026-01-21T18:42:10.502688+00:00,1qihxy0,t3_1qihxy0,,0,0,‘North of North’ Begins Season 2 Filming as Netflix Teases Premiere Date,https://www.reddit.com/r/television/comments/1qihxy0/north_of_north_begins_season_2_filming_as_netflix/,40
2026-01-21T18:42:10.502688+00:00,1qi6elc,t3_1qi6elc,,0,0,It’s time to talk about how weird straight girls are being about Heated Rivalry,https://www.reddit.com/r/television/comments/1qi6elc/its_time_to_talk_about_how_weird_straight_girls/,60
2026-01-21T18:42:10.502688+00:00,1qfytwc,t3_1qfytwc,,0,0,Teenage Bounty Hunters (Netflix),https://www.reddit.com/r/television/comments/1qfytwc/teenage_bounty_hunters_netflix/,28
2026-01-21T18:42:10.502688+00:00,1qfroh9,t3_1qfroh9,,0,0,Popularity of ‘Heated Rivalry’ Has Surprised Even TV Executives,https://www.reddit.com/r/television/comments/1qfroh9/popularity_of_heated_rivalry_has_surprised_even/,355
2026-01-21T18:42:10.502688+00:00,1qfi4s1,t3_1qfi4s1,,0,0,"‘Heated Rivalry’s François Arnaud Says NHL Is “Good At Capitalizing” On Show, Hopes They Can “Back It Up” With Support",https://www.reddit.com/r/television/comments/1qfi4s1/heated_rivalrys_françois_arnaud_says_nhl_is_good/,64
2026-01-21T18:42:10.502688+00:00,1qbzash,t3_1qbzash,,0,0,Results for the 2025 r/television survey,https://www.reddit.com/r/television/comments/1qbzash/results_for_the_2025_rtelevision_survey/,127
2026-01-21T18:42:10.502688+00:00,1qavpvj,t3_1qavpvj,,0,0,"I aggregated 117 ""Best TV Shows of 2025"" lists because Metacritic wouldn't - Final Update",https://www.reddit.com/r/television/comments/1qavpvj/i_aggregated_117_best_tv_shows_of_2025_lists/,81
2026-01-21T18:42:10.502688+00:00,1qavbte,t3_1qavbte,,0,0,Is Heated Rivalry worth the time? What makes it good?,https://www.reddit.com/r/television/comments/1qavbte/is_heated_rivalry_worth_the_time_what_makes_it/,24
2026-01-21T18:42:10.502688+00:00,1q7f2d4,t3_1q7f2d4,,0,0,'Heated Rivalry' star Hudson Williams says closeted professional athletes have been reaching out privately,https://www.reddit.com/r/television/comments/1q7f2d4/heated_rivalry_star_hudson_williams_says_closeted/,594
2026-01-21T18:42:10.502688+00:00,1q76beo,t3_1q76beo,,0,0,Did Heated Rivalry open something emotional in you too?,https://www.reddit.com/r/television/comments/1q76beo/did_heated_rivalry_open_something_emotional_in/,15
2026-01-21T18:42:10.502688+00:00,1q6gtqh,t3_1q6gtqh,,0,0,"GLAAD Media Awards: ‘Heated Rivalry’, ‘Stranger Things’ & ‘Christy’ Among 2026 Nominees",https://www.reddit.com/r/television/comments/1q6gtqh/glaad_media_awards_heated_rivalry_stranger_things/,18
2026-01-21T18:42:10.502688+00:00,1q6df7l,t3_1q6df7l,,0,0,Heated Rivalry: Do people really like that show or is it because of the gay relationship ?,https://www.reddit.com/r/television/comments/1q6df7l/heated_rivalry_do_people_really_like_that_show_or/,38
2026-01-21T18:42:10.502688+00:00,1pz6sx7,t3_1pz6sx7,,0,0,"Why ‘Heated Rivalry’ Can’t Compete at the Emmys — and Likely Won’t Be Able to for Season 2, Either",https://www.reddit.com/r/television/comments/1pz6sx7/why_heated_rivalry_cant_compete_at_the_emmys_and/,17
2026-01-21T18:42:10.502688+00:00,1pz6a5l,t3_1pz6a5l,,0,0,Is Heated Rivalry Actually THAT Good?,https://www.reddit.com/r/television/comments/1pz6a5l/is_heated_rivalry_actually_that_good/,309
2026-01-21T18:42:10.502688+00:00,1pxqs7f,t3_1pxqs7f,,0,0,Online discourse is ruining tv (A gay man’s perspective),https://www.reddit.com/r/television/comments/1pxqs7f/online_discourse_is_ruining_tv_a_gay_mans/,24
2026-01-21T18:42:10.502688+00:00,1pwzwx3,t3_1pwzwx3,,0,0,"TVLine's Performers Of The Week: Connor Storrie And Hudson Williams (""Heated Rivalry"")",https://www.reddit.com/r/television/comments/1pwzwx3/tvlines_performers_of_the_week_connor_storrie_and/,75
2026-01-21T18:42:10.502688+00:00,1pw505j,t3_1pw505j,1x06,1,0,"Heated Rivalry - 1x06 - ""The Cottage"" - Episode Discussion",https://www.reddit.com/r/television/comments/1pw505j/heated_rivalry_1x06_the_cottage_episode_discussion/,76
2026-01-21T18:42:10.502688+00:00,1pw4t4r,t3_1pw4t4r,,0,0,"‘Heated Rivalry’ Creator Explains Why Finale Sex Scenes Are His Favorite, Teases Season 2 & Beyond “Will Always Be Centered Around” Shane & Ilya",https://www.reddit.com/r/television/comments/1pw4t4r/heated_rivalry_creator_explains_why_finale_sex/,17
2026-01-21T18:42:10.502688+00:00,1pvuny6,t3_1pvuny6,,0,0,Tv Series paying for review bots on imbd??,https://www.reddit.com/r/television/comments/1pvuny6/tv_series_paying_for_review_bots_on_imbd/,22
2026-01-21T18:42:10.502688+00:00,1puxtj9,t3_1puxtj9,,0,0,‘Heated Rivalry’ and the Art of a Truly Joyful Press Tour,https://www.reddit.com/r/television/comments/1puxtj9/heated_rivalry_and_the_art_of_a_truly_joyful/,22
2026-01-21T18:42:10.502688+00:00,1ptk30a,t3_1ptk30a,,0,0,Highest rated episodes on IMDB(with votes over 10k).,https://www.reddit.com/r/television/comments/1ptk30a/highest_rated_episodes_on_imdbwith_votes_over_10k/,16
2026-01-21T18:42:10.502688+00:00,1pti6uf,t3_1pti6uf,,0,0,Gay male audiences are allowed to question actors under the guise of “representation”.,https://www.reddit.com/r/television/comments/1pti6uf/gay_male_audiences_are_allowed_to_question_actors/,51
2026-01-21T18:42:10.502688+00:00,1ptfymh,t3_1ptfymh,,0,0,Worst TV Shows (Most Disappointing Shows) of 2025,https://www.reddit.com/r/television/comments/1ptfymh/worst_tv_shows_most_disappointing_shows_of_2025/,1869
2026-01-21T18:42:10.502688+00:00,1pta4dm,t3_1pta4dm,,0,0,Down to Puck: Why Women Are Going Wild for ‘Heated Rivalry’,https://www.reddit.com/r/television/comments/1pta4dm/down_to_puck_why_women_are_going_wild_for_heated/,20
2026-01-21T18:42:10.502688+00:00,1pryyo4,t3_1pryyo4,,0,0,Heated Rivalry Ep. 5,https://www.reddit.com/r/television/comments/1pryyo4/heated_rivalry_ep_5/,36
2026-01-21T18:42:10.502688+00:00,1prte8s,t3_1prte8s,,0,0,Is Heated Rivalry made for gay men or straight women,https://www.reddit.com/r/television/comments/1prte8s/is_heated_rivalry_made_for_gay_men_or_straight/,169
2026-01-21T18:42:10.502688+00:00,1pqlusu,t3_1pqlusu,1x05,1,0,"Heated Rivalry - 1x05 - ""I'll Believe in Anything"" - Episode Discussion",https://www.reddit.com/r/television/comments/1pqlusu/heated_rivalry_1x05_ill_believe_in_anything/,92
2026-01-21T18:42:10.502688+00:00,1pn9mop,t3_1pn9mop,,0,0,"Heated Rivalry, Do Better.",https://www.reddit.com/r/television/comments/1pn9mop/heated_rivalry_do_better/,95
2026-01-21T18:42:10.502688+00:00,1plmrds,t3_1plmrds,,0,0,‘Heated Rivalry’ Stars Respond To Jordan Firstman’s Criticism Of Show’s Sex Scenes,https://www.reddit.com/r/television/comments/1plmrds/heated_rivalry_stars_respond_to_jordan_firstmans/,25
2026-01-21T18:42:10.502688+00:00,1pl1vye,t3_1pl1vye,,0,0,‘I Love LA’s Jordan Firstman Takes Shots At ‘Heated Rivalry’ Over Sex Scenes: “It’s Just Not Gay”,https://www.reddit.com/r/television/comments/1pl1vye/i_love_las_jordan_firstman_takes_shots_at_heated/,54
2026-01-21T18:42:10.502688+00:00,1pkwtvq,t3_1pkwtvq,,0,0,‘Heated Rivalry’ Season 2 Is Game On At Crave With HBO Max On Board; More New Deals Struck,https://www.reddit.com/r/television/comments/1pkwtvq/heated_rivalry_season_2_is_game_on_at_crave_with/,103
2026-01-21T18:42:10.502688+00:00,1pksn2h,t3_1pksn2h,1x04,1,0,"Heated Rivalry - 1x04 - ""Rose"" - Episode Discussion",https://www.reddit.com/r/television/comments/1pksn2h/heated_rivalry_1x04_rose_episode_discussion/,51
2026-01-21T18:42:10.502688+00:00,1pevuo7,t3_1pevuo7,1x03,1,0,"Heated Rivalry - 1x03 - ""******"" - Episode Discussion",https://www.reddit.com/r/television/comments/1pevuo7/heated_rivalry_1x03_episode_discussion/,6
2026-01-21T18:42:10.502688+00:00,1pdatgb,t3_1pdatgb,,0,0,‘Heated Rivalry’ Creator Shuts Down Question About Actors’ Sexuality: ‘I Don’t Think There’s Any Reason to Get Into That Stuff’,https://www.reddit.com/r/television/comments/1pdatgb/heated_rivalry_creator_shuts_down_question_about/,260
2026-01-21T18:42:10.502688+00:00,1pcr42d,t3_1pcr42d,,0,0,‘Heated Rivalry’ Review: HBO Max’s Horny Hockey Drama Is a Playful Gay Romance for Grown-Ups,https://www.reddit.com/r/television/comments/1pcr42d/heated_rivalry_review_hbo_maxs_horny_hockey_drama/,125
2026-01-21T18:42:10.502688+00:00,1pbpkg7,t3_1pbpkg7,,0,0,Connor Storrie & Hudson Williams react to 'Heated Rivalry' already topping the charts on HBO Max and Crave: 'We delivered. We killed it. It's the best TV adaptation of all TV adaptations! You can quote me on that!',https://www.reddit.com/r/television/comments/1pbpkg7/connor_storrie_hudson_williams_react_to_heated/,56
2026-01-21T18:42:10.502688+00:00,1pbivqz,t3_1pbivqz,,0,0,‘Heated Rivalry’ Actors Say Sexual Chemistry Started in Auditions: ‘Felt Like He Was Going to Pin Me Down and F— Me’,https://www.reddit.com/r/television/comments/1pbivqz/heated_rivalry_actors_say_sexual_chemistry/,14
2026-01-21T18:42:10.502688+00:00,1p2x9tu,t3_1p2x9tu,,0,0,"Inside ‘Heated Rivalry,’ the Gay Hockey Romance Series Changing Queer TV",https://www.reddit.com/r/television/comments/1p2x9tu/inside_heated_rivalry_the_gay_hockey_romance/,15
2026-01-21T18:42:10.502688+00:00,1p1iqwz,t3_1p1iqwz,,0,0,"Hockey Romance Series Heated Rivalry Sells to HBO Max in US, Australia",https://www.reddit.com/r/television/comments/1p1iqwz/hockey_romance_series_heated_rivalry_sells_to_hbo/,83
2026-01-21T18:42:10.502688+00:00,1o2ah57,t3_1o2ah57,,0,1,Official Trailer | Heated Rivalry (Crave Original),https://www.reddit.com/r/television/comments/1o2ah57/official_trailer_heated_rivalry_crave_original/,40
2026-01-21T18:42:10.502688+00:00,1m4rcdi,t3_1m4rcdi,,0,0,IMDb's Top 25 English Speaking TV Episodes of 2025 (July Edition),https://www.reddit.com/r/television/comments/1m4rcdi/imdbs_top_25_english_speaking_tv_episodes_of_2025/,8
2026-01-21T18:42:10.502688+00:00,1k5h496,t3_1k5h496,,0,0,IMDb's Top 25 TV Episodes of 2025 (so far),https://www.reddit.com/r/television/comments/1k5h496/imdbs_top_25_tv_episodes_of_2025_so_far/,155
2026-01-21T18:42:10.502688+00:00,wjha23,t3_wjha23,,0,0,Were Wrestling and Soaps the only ones doing Serialized Storytelling before it became popular?,https://www.reddit.com/r/television/comments/wjha23/were_wrestling_and_soaps_the_only_ones_doing/,9
2026-01-21T18:42:10.502688+00:00,5xqx99,t3_5xqx99,,0,0,Feud - Series Premiere Discussion,https://www.reddit.com/r/television/comments/5xqx99/feud_series_premiere_discussion/,50
